<?xml version='1.0' encoding='UTF-8'?>
<!DOCTYPE Plugin PUBLIC "sailpoint.dtd" "sailpoint.dtd">
<Plugin certificationLevel="None" displayName="Log Tree" minSystemVersion="7.1" name="logTree" version="1.0">
  <Attributes>
    <Map>
      <entry key="minUpgradableVersion" value="1.0" />
      <entry key="fullPage">
        <value>
          <FullPage title="Log Tree" />
        </value>
      </entry>
	  <entry key="snippets">
        <value>
          <List>
            <Snippet regexPattern=".*/debug/debug.jsf">
              <Scripts>
                <String>ui/js/headerInject.js</String>
              </Scripts>
            </Snippet>
          </List>
        </value>
      </entry>
    </Map>
  </Attributes>
</Plugin>

