<?xml version="1.0" encoding="UTF-8" standalone="no"?>
<!DOCTYPE sailpoint PUBLIC "sailpoint.dtd" "sailpoint.dtd">
<sailpoint>
  <SPRight displayName="SensitiveDataUserRESTAllow" name="SensitiveDataUserRESTAllow"/>
    <Capability displayName="SensitiveDataUsersWidget" name="SensitiveDataUsersWidget">
        <Description>Allow access to Sensitive Data Users Plugin</Description>
        <RightRefs>
            <Reference class="sailpoint.object.SPRight" name="SensitiveDataUserRESTAllow"/>
        </RightRefs>
    </Capability>
</sailpoint>
