<?xml version="1.0" encoding="UTF-8" standalone="no"?>
<!DOCTYPE Plugin PUBLIC "sailpoint.dtd" "sailpoint.dtd">
<Plugin certificationLevel="None" displayName="Plugin Deployer" minSystemVersion="7.1" name="Deployer" version="7.1beta.16">
  <Attributes>
    <Map>
      <entry key="minUpgradableVersion" value="1.0"/>
      <entry key="serviceExecutors">
        <value>
          <List>
            <String>sailpoint.seri.plugin.service.PluginDeployerService</String>
          </List>
        </value>
      </entry>
      <entry key="settings">
        <value>
          <List>
            <Setting dataType="string" defaultValue="/seri-plugins" helpText="folder to monitor for new plugins" label="Plugins Folder" name="monitorFolder"/>
            <Setting dataType="boolean" defaultValue="true" helpText="is this path relative to the war location? or Absolute on the filesystem" label="Relative to WAR" name="isRelative"/>
          </List>
        </value>
      </entry>
    </Map>
  </Attributes>
</Plugin>
