<?xml version='1.0' encoding='UTF-8'?>
<!DOCTYPE Rule PUBLIC "sailpoint.dtd" "sailpoint.dtd">
<Rule language="beanshell" name="Azure Before Provision" type="BeforeProvisioning">
    <Description>An IdentityIQ server-side rule that is executed before the connector's provisioning method is called. This gives the customer the ability to customize or react to anything in the ProvisioningPlan BEFORE it is sent to the underlying connectors used in provisioning.

        This rule will be called for any application found in a plan that also has a configured 'beforeProvisioningRule' configured.

        The plan can be updated directly in the rule by reference and does not need to return the plan.</Description>
    <Signature>
        <Inputs>
            <Argument name="log">
                <Description>
                    The log object associated with the SailPointContext.
                </Description>
            </Argument>
            <Argument name="context">
                <Description>
                    A sailpoint.api.SailPointContext object that can be used to query the database if necessary.
                </Description>
            </Argument>
            <Argument name="plan">
                <Description>
                    The ProvisioningPlan object on its way to the Connector.
                </Description>
            </Argument>
            <Argument name="application">
                <Description>
                    The application object that references this before/after script.
                </Description>
            </Argument>
        </Inputs>
    </Signature>
    <Source>
        import sailpoint.plugin.PluginsUtil;

        // This is required if you use the Launcher plugin.  Currently, this is hard-code to use microsoft azure
        Object processor = PluginsUtil.instantiate("AzureIntegration", "sailpoint.plugin.azure.AzureBeforeProvisioningRuleProcessor");
        processor.process(log, context, plan, application);

        // Any other custom before provisioning code can be put below this line
    </Source>


</Rule>