<?xml version='1.0' encoding='UTF-8'?>
<!DOCTYPE sailpoint PUBLIC "sailpoint.dtd" "sailpoint.dtd">

<sailpoint>
    <ImportAction name="merge">
        <ObjectConfig name="Bundle">
            <ObjectAttribute displayName="Azure Dynamic Query" name="dynamicQuery"/>
        </ObjectConfig>
    </ImportAction>
    <ImportAction name="merge">
        <ObjectConfig name="ManagedAttribute">
            <ObjectAttribute displayName="Azure Dynamic Query" name="dynamicQuery"/>
        </ObjectConfig>
    </ImportAction>
</sailpoint>

