<?xml version='1.0' encoding='UTF-8'?>
<!DOCTYPE TaskDefinition PUBLIC "sailpoint.dtd" "sailpoint.dtd">
<TaskDefinition formPath="/monitor/tasks/accountGroupAggregationTask.xhtml" name="AGA - Azure Active Directory Groups" resultAction="Delete" subType="task_item_type_acct_grp_aggregation" type="AccountGroupAggregation">
  <Attributes>
    <Map>
      <entry key="aggregationType" value="group"/>
      <entry key="applications" value="Azure Active Directory - IIQ Integration"/>
      <entry key="checkDeleted" value="false"/>
      <entry key="deltaAggregation" value="false"/>
      <entry key="groupSchema"/>
      <entry key="taskCompletionEmailNotify" value="Disabled"/>
      <entry key="taskCompletionEmailRecipients"/>
      <entry key="taskCompletionEmailTemplate"/>
    </Map>
  </Attributes>
  <Description>Task template for application group scanning.</Description>
  <Owner>
    <Reference class="sailpoint.object.Identity" name="Jerry.Bennett"/>
  </Owner>
  <Parent>
    <Reference class="sailpoint.object.TaskDefinition" name="Account Group Aggregation"/>
  </Parent>
</TaskDefinition>