<?xml version='1.0' encoding='UTF-8'?>
<!DOCTYPE sailpoint PUBLIC "sailpoint.dtd" "sailpoint.dtd">

<sailpoint>
    <TaskDefinition name="Synchronize Azure Integration"
                    resultAction="Delete" subType="task_item_type_generic" type="Generic"
                    executor="sailpoint.plugin.sso.core.task.LauncherTaskExecutor"
                    formPath="/plugin/include/AzureIntegration/forms/taskDefinitionForm.xhtml">

        <!--
            do NOT change any of these settings except the values in the Map, Description, or Prompts
            All of these keys, input and return arguments names are needed by the sso core library

            In the future, this will part of certain files packages with the sso core library that should be
            included in each plugin's implementation
        -->
        <Attributes>
            <Map>
                <entry key="pluginName" value="AzureIntegration"/>
                <entry key="application" value="Azure Active Directory - IIQ Integration"/>
                <entry key="ssoProviderClassname" value="sailpoint.plugin.azure.AzureSSOProvider"/>
                <entry key="createSingleLauncherGroup" value="true"/>
                <entry key="moveUsersToSingleLauncherGroup" value="true"/>
                <entry key="ignoreMSIAMDefaultAppRole" value="true"/>
                <entry key="alwaysCreateBusinessRole" value="false"/>
                <entry key="ignoredApplications"/>
            </Map>
        </Attributes>
        <Description>Microsoft Azure SSO Applications Synchronization</Description>
        <Signature>
            <Inputs>
                <Argument name="application" required="true" type="Application">
                    <Prompt>SSO Provider Application</Prompt>
                </Argument>
                <Argument name="createSingleLauncherGroup" type="boolean">
                    <Prompt>
                        Create a unique group in the SSO provider for the application that all Users will be migrated
                        into.
                    </Prompt>
                </Argument>
                <Argument name="moveUsersToSingleLauncherGroup" type="boolean">
                    <Prompt>
                        Move all users in the launcher application to the created role.
                    </Prompt>
                </Argument>
                <Argument name="ignoreMSIAMDefaultAppRole" type="boolean">
                    <Prompt>
                        Only create an IIQ role for the default &quot;msiam_access&quot; application role when it is the only application role available.
                    </Prompt>
                </Argument>
            </Inputs>
            <Returns>
                <Argument name="applicationScanned" type="string">
                    <Prompt>IIQ Application scanned</Prompt>
                </Argument>
                <Argument name="numApplicationsScanned" type="int">
                    <Prompt>Number of SSO Launcher Applications scanned</Prompt>
                </Argument>
                <Argument name="numRolesCreated" type="int">
                    <Prompt>Number of IIQ roles created</Prompt>
                </Argument>
                <Argument name="numRolesRemoved" type="int">
                    <Prompt>Number of IIQ roles removed</Prompt>
                </Argument>
                <Argument name="numLauncherEntitlementsCreated" type="int">
                    <Prompt>Number of launcher entitlements created at the SSO Provider</Prompt>
                </Argument>

            </Returns>
        </Signature>
    </TaskDefinition>
</sailpoint>

