<?xml version="1.0" encoding="UTF-8" standalone="no"?>
<!DOCTYPE Plugin PUBLIC "sailpoint.dtd" "sailpoint.dtd">
<Plugin displayName="User Entitlements and Roles Dashboard" minSystemVersion="7.1" name="userEntitlementsAndRolesDashboard" rightRequired="userEntitlementsAndRolesDashboardRight" version="0.1">
  <Attributes>
    <Map>
      <entry key="minUpgradableVersion" value="0.1"/>
      <entry key="fullPage">
        <value>
          <FullPage title="User Entitlements and Roles Dashboard"/>
        </value>
      </entry>
    </Map>
  </Attributes>
</Plugin>
