<?xml version="1.0" encoding="UTF-8" standalone="no"?>
<!DOCTYPE sailpoint PUBLIC "sailpoint.dtd" "sailpoint.dtd">
<sailpoint>
  <SPRight displayName="mostEntitlementsRESTAllow" name="mostEntitlementsRESTAllow"/>
    <Capability displayName="MostEntitlementsUserPluginCapability" name="MostEntitlementsUserPluginCapability">
        <Description>Allow access to Most Entitlements Widget Plugin</Description>
        <RightRefs>
            <Reference class="sailpoint.object.SPRight" name="mostEntitlementsRESTAllow"/>
        </RightRefs>
    </Capability>
</sailpoint>
