<?xml version='1.0' encoding='UTF-8'?>
<!DOCTYPE sailpoint PUBLIC "sailpoint.dtd" "sailpoint.dtd">

<!-- (c) Copyright 2017 SailPoint Technologies, Inc., All Rights Reserved. -->

<sailpoint>

  <SPRight name="ReadSCIMPAMResourceType" displayName="right_read_scim_pam_resource_type">
    <Description>right_desc_read_scim_pam_resource_type</Description>
  </SPRight>

  <SPRight name="ReadSCIMPAMSchema" displayName="right_read_scim_pam_schema">
    <Description>right_desc_read_scim_pam_schema</Description>
  </SPRight>

  <SPRight name="CreateSCIMPAMUser" displayName="right_create_scim_pam_user">
    <Description>right_desc_create_scim_pam_user</Description>
  </SPRight>

  <SPRight name="ReadSCIMPAMUser" displayName="right_read_scim_pam_user">
    <Description>right_desc_read_scim_pam_user</Description>
  </SPRight>

  <SPRight name="UpdateSCIMPAMUser" displayName="right_update_scim_pam_user">
    <Description>right_desc_update_scim_pam_user</Description>
  </SPRight>

  <SPRight name="DeleteSCIMPAMUser" displayName="right_delete_scim_pam_user">
    <Description>right_desc_delete_scim_pam_user</Description>
  </SPRight>

  <SPRight name="CreateSCIMPAMGroup" displayName="right_create_scim_pam_group">
    <Description>right_desc_create_scim_pam_group</Description>
  </SPRight>

  <SPRight name="ReadSCIMPAMGroup" displayName="right_read_scim_pam_group">
    <Description>right_desc_read_scim_pam_group</Description>
  </SPRight>

  <SPRight name="UpdateSCIMPAMGroup" displayName="right_update_scim_pam_group">
    <Description>right_desc_update_scim_pam_group</Description>
  </SPRight>

  <SPRight name="DeleteSCIMPAMGroup" displayName="right_delete_scim_pam_group">
    <Description>right_desc_delete_scim_pam_group</Description>
  </SPRight>

  <SPRight name="CreateSCIMPAMContainer" displayName="right_create_scim_pam_container">
    <Description>right_desc_create_scim_pam_container</Description>
  </SPRight>

  <SPRight name="ReadSCIMPAMContainer" displayName="right_read_scim_pam_container">
    <Description>right_desc_read_scim_pam_container</Description>
  </SPRight>

  <SPRight name="UpdateSCIMPAMContainer" displayName="right_update_scim_pam_container">
    <Description>right_desc_update_scim_pam_container</Description>
  </SPRight>

  <SPRight name="DeleteSCIMPAMContainer" displayName="right_delete_scim_pam_container">
    <Description>right_desc_delete_scim_pam_container</Description>
  </SPRight>

  <SPRight name="CreateSCIMPAMPrivilegedData" displayName="right_create_scim_pam_privileged_data">
    <Description>right_desc_create_scim_pam_privileged_data</Description>
  </SPRight>

  <SPRight name="ReadSCIMPAMPrivilegedData" displayName="right_read_scim_pam_privileged_data">
    <Description>right_desc_read_scim_pam_privileged_data</Description>
  </SPRight>

  <SPRight name="UpdateSCIMPAMPrivilegedData" displayName="right_update_scim_pam_privileged_data">
    <Description>right_desc_update_scim_pam_privileged_data</Description>
  </SPRight>

  <SPRight name="DeleteSCIMPAMPrivilegedData" displayName="right_delete_scim_pam_privileged_data">
    <Description>right_desc_delete_scim_pam_privileged_data</Description>
  </SPRight>

  <SPRight name="CreateSCIMPAMContainerPermission" displayName="right_create_scim_pam_container_permission">
    <Description>right_desc_create_scim_pam_container_permission</Description>
  </SPRight>

  <SPRight name="ReadSCIMPAMContainerPermission" displayName="right_read_scim_pam_container_permission">
    <Description>right_desc_read_scim_pam_container_permission</Description>
  </SPRight>

  <SPRight name="UpdateSCIMPAMContainerPermission" displayName="right_update_scim_pam_container_permission">
    <Description>right_desc_update_scim_pam_container_permission</Description>
  </SPRight>

  <SPRight name="DeleteSCIMPAMContainerPermission" displayName="right_delete_scim_pam_container_permission">
    <Description>right_desc_delete_scim_pam_container_permission</Description>
  </SPRight>

  <SPRight name="CreateSCIMPAMPrivilegedDataPermission" displayName="right_create_scim_pam_privileged_data_permission">
    <Description>right_desc_create_scim_pam_privileged_data_permission</Description>
  </SPRight>

  <SPRight name="ReadSCIMPAMPrivilegedDataPermission" displayName="right_read_scim_pam_privileged_data_permission">
    <Description>right_desc_read_scim_pam_privileged_data_permission</Description>
  </SPRight>

  <SPRight name="UpdateSCIMPAMPrivilegedDataPermission" displayName="right_update_scim_pam_privileged_data_permission">
    <Description>right_desc_update_scim_pam_privileged_data_permission</Description>
  </SPRight>

  <SPRight name="DeleteSCIMPAMPrivilegedDataPermission" displayName="right_delete_scim_pam_privileged_data_permission">
    <Description>right_desc_delete_scim_pam_privileged_data_permission</Description>
  </SPRight>


  <!-- Change display name to a message key once the plugin framework supports i18n. -->
  <Capability name="SCIMPAMAdministrator" displayName="SCIM PAM Executor">
    <Description>capability_desc_scim_pam_administrator</Description>
    <RightRefs>
      <!-- Server information -->
      <Reference class="sailpoint.object.SPRight" name="ReadSCIMPAMResourceType" />
      <Reference class="sailpoint.object.SPRight" name="ReadSCIMPAMSchema" />

      <!-- Users -->
      <Reference class="sailpoint.object.SPRight" name="CreateSCIMPAMUser" />
      <Reference class="sailpoint.object.SPRight" name="ReadSCIMPAMUser" />
      <Reference class="sailpoint.object.SPRight" name="UpdateSCIMPAMUser" />
      <Reference class="sailpoint.object.SPRight" name="DeleteSCIMPAMUser" />

      <!-- Groups -->
      <Reference class="sailpoint.object.SPRight" name="CreateSCIMPAMGroup" />
      <Reference class="sailpoint.object.SPRight" name="ReadSCIMPAMGroup" />
      <Reference class="sailpoint.object.SPRight" name="UpdateSCIMPAMGroup" />
      <Reference class="sailpoint.object.SPRight" name="DeleteSCIMPAMGroup" />

      <!-- Containers -->
      <Reference class="sailpoint.object.SPRight" name="CreateSCIMPAMContainer" />
      <Reference class="sailpoint.object.SPRight" name="ReadSCIMPAMContainer" />
      <Reference class="sailpoint.object.SPRight" name="UpdateSCIMPAMContainer" />
      <Reference class="sailpoint.object.SPRight" name="DeleteSCIMPAMContainer" />

      <!-- Privileged Data -->
      <Reference class="sailpoint.object.SPRight" name="CreateSCIMPAMPrivilegedData" />
      <Reference class="sailpoint.object.SPRight" name="ReadSCIMPAMPrivilegedData" />
      <Reference class="sailpoint.object.SPRight" name="UpdateSCIMPAMPrivilegedData" />
      <Reference class="sailpoint.object.SPRight" name="DeleteSCIMPAMPrivilegedData" />

      <!-- Container Permissions -->
      <Reference class="sailpoint.object.SPRight" name="CreateSCIMPAMContainerPermission" />
      <Reference class="sailpoint.object.SPRight" name="ReadSCIMPAMContainerPermission" />
      <Reference class="sailpoint.object.SPRight" name="UpdateSCIMPAMContainerPermission" />
      <Reference class="sailpoint.object.SPRight" name="DeleteSCIMPAMContainerPermission" />

      <!-- Privileged Data Permissions -->
      <Reference class="sailpoint.object.SPRight" name="CreateSCIMPAMPrivilegedDataPermission" />
      <Reference class="sailpoint.object.SPRight" name="ReadSCIMPAMPrivilegedDataPermission" />
      <Reference class="sailpoint.object.SPRight" name="UpdateSCIMPAMPrivilegedDataPermission" />
      <Reference class="sailpoint.object.SPRight" name="DeleteSCIMPAMPrivilegedDataPermission" />
    </RightRefs>
  </Capability>
</sailpoint>
