<?xml version='1.0' encoding='UTF-8'?>
<!DOCTYPE sailpoint PUBLIC "sailpoint.dtd" "sailpoint.dtd">
<!-- (c) Copyright 2017 SailPoint Technologies, Inc., All Rights Reserved. -->
<sailpoint>

  <Configuration name="PamScimMapping">
    <Attributes>
      <Map>
        <entry key="schemaPropertyMappings">
          <value>
            <List>
              <SchemaPropertyMapping urn="urn:ietf:params:scim:schemas:core:2.0:User">
                  <AttributePropertyMapping name="id" property="identity"/>
                  <AttributePropertyMapping name="userName" property="userName" getter="sailpoint.pam.scimBridge.service.mapping.ResourceObjectAttributeGetter" setter="sailpoint.pam.scimBridge.service.mapping.BasicPropertySetter"/>
                  <AttributePropertyMapping name="name">
                      <AttributePropertyMapping name="formatted" property="formattedName" getter="sailpoint.pam.scimBridge.service.mapping.ResourceObjectAttributeGetter" setter="sailpoint.pam.scimBridge.service.mapping.BasicPropertySetter"/>
                      <AttributePropertyMapping name="familyName" property="lastname" getter="sailpoint.pam.scimBridge.service.mapping.ResourceObjectAttributeGetter" setter="sailpoint.pam.scimBridge.service.mapping.BasicPropertySetter"/>
                      <AttributePropertyMapping name="givenName" property="firstname" getter="sailpoint.pam.scimBridge.service.mapping.ResourceObjectAttributeGetter" setter="sailpoint.pam.scimBridge.service.mapping.BasicPropertySetter"/>
                      <AttributePropertyMapping name="middleName" property="middleName" getter="sailpoint.pam.scimBridge.service.mapping.ResourceObjectAttributeGetter" setter="sailpoint.pam.scimBridge.service.mapping.BasicPropertySetter"/>
                      <AttributePropertyMapping name="honorificPrefix" property="honorificPrefix" getter="sailpoint.pam.scimBridge.service.mapping.ResourceObjectAttributeGetter" setter="sailpoint.pam.scimBridge.service.mapping.BasicPropertySetter"/>
                      <AttributePropertyMapping name="honorificSuffix" property="honorificSuffix" getter="sailpoint.pam.scimBridge.service.mapping.ResourceObjectAttributeGetter" setter="sailpoint.pam.scimBridge.service.mapping.BasicPropertySetter"/>
                  </AttributePropertyMapping>
                  <AttributePropertyMapping name="displayName" property="displayName" setter="sailpoint.pam.scimBridge.service.mapping.BasicPropertySetter"/>
                  <AttributePropertyMapping name="nickName" property="nickName" getter="sailpoint.pam.scimBridge.service.mapping.ResourceObjectAttributeGetter" setter="sailpoint.pam.scimBridge.service.mapping.BasicPropertySetter"/>
                  <AttributePropertyMapping name="profileUrl" property="profileUrl" getter="sailpoint.pam.scimBridge.service.mapping.ResourceObjectAttributeGetter" setter="sailpoint.pam.scimBridge.service.mapping.BasicPropertySetter"/>
                  <AttributePropertyMapping name="title" property="title" getter="sailpoint.pam.scimBridge.service.mapping.ResourceObjectAttributeGetter" setter="sailpoint.pam.scimBridge.service.mapping.BasicPropertySetter"/>
                  <AttributePropertyMapping name="userType" property="userType" getter="sailpoint.pam.scimBridge.service.mapping.ResourceObjectAttributeGetter" setter="sailpoint.pam.scimBridge.service.mapping.BasicPropertySetter"/>
                  <AttributePropertyMapping name="preferredLanguage" property="preferredLanguage" getter="sailpoint.pam.scimBridge.service.mapping.ResourceObjectAttributeGetter" setter="sailpoint.pam.scimBridge.service.mapping.BasicPropertySetter"/>
                  <AttributePropertyMapping name="locale" property="locale" getter="sailpoint.pam.scimBridge.service.mapping.ResourceObjectAttributeGetter" setter="sailpoint.pam.scimBridge.service.mapping.BasicPropertySetter"/>
                  <AttributePropertyMapping name="timezone" property="timezone" getter="sailpoint.pam.scimBridge.service.mapping.ResourceObjectAttributeGetter" setter="sailpoint.pam.scimBridge.service.mapping.BasicPropertySetter"/>
                  <AttributePropertyMapping name="active" property="IIQDisabled" getter="sailpoint.pam.scimBridge.service.mapping.ResourceObjectInverseAttributeGetter" setter="sailpoint.pam.scimBridge.service.mapping.InversePropertySetter"/>
                  <AttributePropertyMapping name="password" property="password" setter="sailpoint.pam.scimBridge.service.mapping.BasicPropertySetter"/>
                  <AttributePropertyMapping name="emails" property="email" getter="sailpoint.pam.scimBridge.service.mapping.ResourceObjectAttributeGetter">
                      <AttributePropertyMapping name="value" property="email" getter="sailpoint.pam.scimBridge.service.mapping.SubAttributeValueGetter" setter="sailpoint.pam.scimBridge.service.mapping.BasicPropertySetter">
                          <Attributes>
                            <Map>
                              <entry key="errorOnMultipleValues" value="true"/>
                            </Map>
                          </Attributes>
                      </AttributePropertyMapping>
                      <AttributePropertyMapping name="type" value="work"/>
                      <AttributePropertyMapping name="primary" value="true"/>
                  </AttributePropertyMapping>
                  <AttributePropertyMapping name="groups" property="groups" getter="sailpoint.pam.scimBridge.service.mapping.ResourceObjectAttributeGetter">
                      <AttributePropertyMapping name="value" getter="sailpoint.pam.scimBridge.service.mapping.SubAttributeValueGetter"/>
                      <AttributePropertyMapping name="$ref" value="Groups" getter="sailpoint.pam.scimBridge.service.mapping.SubAttributeLocationGetter"/>
                      <AttributePropertyMapping name="type" value="direct"/>
                  </AttributePropertyMapping>
                  <AttributePropertyMapping name="entitlements" property="entitlements" getter="sailpoint.pam.scimBridge.service.mapping.ResourceObjectAttributeGetter">
                      <AttributePropertyMapping name="value" property="entitlements" getter="sailpoint.pam.scimBridge.service.mapping.SubAttributeValueGetter" setter="sailpoint.pam.scimBridge.service.mapping.BasicPropertySetter"/>
                  </AttributePropertyMapping>
                  <AttributePropertyMapping name="roles" property="roles" getter="sailpoint.pam.scimBridge.service.mapping.ResourceObjectAttributeGetter">
                      <AttributePropertyMapping name="value" property="roles" getter="sailpoint.pam.scimBridge.service.mapping.SubAttributeValueGetter" setter="sailpoint.pam.scimBridge.service.mapping.BasicPropertySetter"/>
                  </AttributePropertyMapping>
                  <AttributePropertyMapping name="meta">
                      <AttributePropertyMapping name="resourceType" value="User"/>
                      <AttributePropertyMapping name="created" property="created" getter="sailpoint.pam.scimBridge.service.mapping.ResourceObjectAttributeGetter"/>
                      <AttributePropertyMapping name="lastModified" property="modified" getter="sailpoint.pam.scimBridge.service.mapping.ResourceObjectAttributeGetter"/>
                      <AttributePropertyMapping name="location" property="identity" value="Users" getter="sailpoint.service.scim.LocationGetter" />
                  </AttributePropertyMapping>
              </SchemaPropertyMapping>

              <SchemaPropertyMapping urn="urn:ietf:params:scim:schemas:pam:1.0:LinkedObject">
                  <AttributePropertyMapping name="source" property="source" getter="sailpoint.pam.scimBridge.service.mapping.ResourceObjectAttributeGetter" setter="sailpoint.pam.scimBridge.service.mapping.BasicPropertySetter"/>
                  <AttributePropertyMapping name="nativeIdentifier" property="sourceNativeIdentifier" getter="sailpoint.pam.scimBridge.service.mapping.ResourceObjectAttributeGetter" setter="sailpoint.pam.scimBridge.service.mapping.BasicPropertySetter"/>
              </SchemaPropertyMapping>

              <SchemaPropertyMapping urn="urn:ietf:params:scim:schemas:core:2.0:Group">
                  <AttributePropertyMapping name="id" property="identity"/>
                  <AttributePropertyMapping name="displayName" property="displayName" setter="sailpoint.pam.scimBridge.service.mapping.BasicPropertySetter"/>
                  <AttributePropertyMapping name="members" property="members" getter="sailpoint.pam.scimBridge.service.mapping.ResourceObjectAttributeGetter">
                      <AttributePropertyMapping name="value" property="members" getter="sailpoint.pam.scimBridge.service.mapping.SubAttributeValueGetter" setter="sailpoint.pam.scimBridge.service.mapping.BasicPropertySetter"/>
                      <AttributePropertyMapping name="$ref" value="Users" getter="sailpoint.pam.scimBridge.service.mapping.SubAttributeLocationGetter"/>
                      <AttributePropertyMapping name="type" value="User"/>
                  </AttributePropertyMapping>
                  <AttributePropertyMapping name="meta">
                      <AttributePropertyMapping name="resourceType" value="Group"/>
                      <AttributePropertyMapping name="created" property="created" getter="sailpoint.pam.scimBridge.service.mapping.ResourceObjectAttributeGetter"/>
                      <AttributePropertyMapping name="lastModified" property="modified" getter="sailpoint.pam.scimBridge.service.mapping.ResourceObjectAttributeGetter"/>
                      <AttributePropertyMapping name="location" property="identity" value="Groups" getter="sailpoint.service.scim.LocationGetter" />
                  </AttributePropertyMapping>
              </SchemaPropertyMapping>

              <SchemaPropertyMapping urn="urn:ietf:params:scim:schemas:pam:1.0:Container">
                  <AttributePropertyMapping name="id" property="identity"/>
                  <AttributePropertyMapping name="name" property="name" getter="sailpoint.pam.scimBridge.service.mapping.ResourceObjectAttributeGetter" setter="sailpoint.pam.scimBridge.service.mapping.BasicPropertySetter" queryClass="sailpoint.service.scim.GenericFilterModifier"/>
                  <AttributePropertyMapping name="displayName" property="displayName" setter="sailpoint.pam.scimBridge.service.mapping.BasicPropertySetter"/>
                  <AttributePropertyMapping name="description" property="description" getter="sailpoint.pam.scimBridge.service.mapping.ResourceObjectAttributeGetter" setter="sailpoint.pam.scimBridge.service.mapping.BasicPropertySetter"/>
                  <AttributePropertyMapping name="type" property="type" getter="sailpoint.pam.scimBridge.service.mapping.ResourceObjectAttributeGetter" setter="sailpoint.pam.scimBridge.service.mapping.BasicPropertySetter"/>
                  <AttributePropertyMapping name="owner" property="owner" getter="sailpoint.pam.scimBridge.service.mapping.ResourceObjectAttributeGetter">
                      <AttributePropertyMapping name="value" property="owner" getter="sailpoint.pam.scimBridge.service.mapping.SubAttributeValueGetter" setter="sailpoint.pam.scimBridge.service.mapping.BasicPropertySetter"/>
                      <AttributePropertyMapping name="$ref" value="Users" property="owner" getter="sailpoint.pam.scimBridge.service.mapping.SubAttributeLocationGetter"/>
                  </AttributePropertyMapping>
                  <AttributePropertyMapping name="privilegedData" getter="sailpoint.pam.scimBridge.service.mapping.ResourceObjectComplexAttributeGetter">
                      <Attributes>
                        <Map>
                          <entry key="attributes" value="privilegedData, privilegedData.display, privilegedData.type" />
                        </Map>
                      </Attributes>
                      <AttributePropertyMapping name="value" property="privilegedData" getter="sailpoint.pam.scimBridge.service.mapping.SubAttributeMapValueGetter" setter="sailpoint.pam.scimBridge.service.mapping.BasicPropertySetter"/>
                      <AttributePropertyMapping name="display" property="privilegedData.display" getter="sailpoint.pam.scimBridge.service.mapping.SubAttributeMapValueGetter"/>
                      <AttributePropertyMapping name="type" property="privilegedData.type" getter="sailpoint.pam.scimBridge.service.mapping.SubAttributeMapValueGetter"/>
                      <AttributePropertyMapping name="$ref" property="privilegedData" value="PrivilegedData" getter="sailpoint.pam.scimBridge.service.mapping.SubAttributeMapLocationGetter"/>
                  </AttributePropertyMapping>
                  <AttributePropertyMapping name="meta">
                      <AttributePropertyMapping name="resourceType" value="Container"/>
                      <AttributePropertyMapping name="created" property="created" getter="sailpoint.pam.scimBridge.service.mapping.ResourceObjectAttributeGetter"/>
                      <AttributePropertyMapping name="lastModified" property="modified" getter="sailpoint.pam.scimBridge.service.mapping.ResourceObjectAttributeGetter"/>
                      <AttributePropertyMapping name="location" property="identity" value="Containers" getter="sailpoint.service.scim.LocationGetter" />
                  </AttributePropertyMapping>
              </SchemaPropertyMapping>

              <SchemaPropertyMapping urn="urn:ietf:params:scim:schemas:pam:1.0:PrivilegedData">
                  <AttributePropertyMapping name="id" property="identity"/>
                  <AttributePropertyMapping name="name" property="name" getter="sailpoint.pam.scimBridge.service.mapping.ResourceObjectAttributeGetter" setter="sailpoint.pam.scimBridge.service.mapping.BasicPropertySetter"/>
                  <AttributePropertyMapping name="description" property="description" getter="sailpoint.pam.scimBridge.service.mapping.ResourceObjectAttributeGetter" setter="sailpoint.pam.scimBridge.service.mapping.BasicPropertySetter"/>
                  <AttributePropertyMapping name="type" property="type" getter="sailpoint.pam.scimBridge.service.mapping.ResourceObjectAttributeGetter" setter="sailpoint.pam.scimBridge.service.mapping.BasicPropertySetter"/>
                  <AttributePropertyMapping name="meta">
                      <AttributePropertyMapping name="resourceType" value="PrivilegedData"/>
                      <AttributePropertyMapping name="created" property="created" getter="sailpoint.pam.scimBridge.service.mapping.ResourceObjectAttributeGetter"/>
                      <AttributePropertyMapping name="lastModified" property="modified" getter="sailpoint.pam.scimBridge.service.mapping.ResourceObjectAttributeGetter"/>
                      <AttributePropertyMapping name="location" property="identity" value="PrivilegedData" getter="sailpoint.service.scim.LocationGetter" />
                  </AttributePropertyMapping>
              </SchemaPropertyMapping>

              <SchemaPropertyMapping urn="urn:ietf:params:scim:schemas:pam:1.0:ContainerPermission">
                  <AttributePropertyMapping name="id" property="identity"/>
                  <AttributePropertyMapping name="container" getter="sailpoint.pam.scimBridge.service.mapping.ResourceObjectComplexAttributeGetter">
                      <Attributes>
                        <Map>
                          <entry key="attributes" value="container, containerDisplayName, containerName" />
                        </Map>
                      </Attributes>
                      <AttributePropertyMapping name="value" property="container" getter="sailpoint.pam.scimBridge.service.mapping.SubAttributeMapValueGetter" setter="sailpoint.pam.scimBridge.service.mapping.BasicPropertySetter" queryClass="sailpoint.service.scim.GenericFilterModifier"/>
                      <AttributePropertyMapping name="name" property="containerName" getter="sailpoint.pam.scimBridge.service.mapping.SubAttributeMapValueGetter"/>
                      <AttributePropertyMapping name="display" property="containerDisplayName" getter="sailpoint.pam.scimBridge.service.mapping.SubAttributeMapValueGetter">
                        <Attributes>
                          <Map>
                            <entry key="fallbackProperties" value="containerName" />
                          </Map>
                        </Attributes>
                      </AttributePropertyMapping>
                      <AttributePropertyMapping name="$ref" property="container" value="Containers" getter="sailpoint.pam.scimBridge.service.mapping.SubAttributeMapLocationGetter"/>
                  </AttributePropertyMapping>
                  <AttributePropertyMapping name="user" getter="sailpoint.pam.scimBridge.service.mapping.ResourceObjectComplexAttributeGetter">
                      <Attributes>
                        <Map>
                          <entry key="attributes" value="user, userDisplayName" />
                        </Map>
                      </Attributes>
                      <AttributePropertyMapping name="value" property="user" getter="sailpoint.pam.scimBridge.service.mapping.SubAttributeMapValueGetter" setter="sailpoint.pam.scimBridge.service.mapping.BasicPropertySetter" queryClass="sailpoint.service.scim.GenericFilterModifier"/>
                      <AttributePropertyMapping name="display" property="userDisplayName" getter="sailpoint.pam.scimBridge.service.mapping.SubAttributeMapValueGetter"/>
                      <AttributePropertyMapping name="$ref" property="user" value="Users" getter="sailpoint.pam.scimBridge.service.mapping.SubAttributeMapLocationGetter"/>
                  </AttributePropertyMapping>
                  <AttributePropertyMapping name="group" getter="sailpoint.pam.scimBridge.service.mapping.ResourceObjectComplexAttributeGetter">
                      <Attributes>
                        <Map>
                          <entry key="attributes" value="group, groupDisplayName" />
                        </Map>
                      </Attributes>
                      <AttributePropertyMapping name="value" property="group" getter="sailpoint.pam.scimBridge.service.mapping.SubAttributeMapValueGetter" setter="sailpoint.pam.scimBridge.service.mapping.BasicPropertySetter" queryClass="sailpoint.service.scim.GenericFilterModifier"/>
                      <AttributePropertyMapping name="display" property="groupDisplayName" getter="sailpoint.pam.scimBridge.service.mapping.SubAttributeMapValueGetter"/>
                      <AttributePropertyMapping name="$ref" property="group" value="Groups" getter="sailpoint.pam.scimBridge.service.mapping.SubAttributeMapLocationGetter"/>
                  </AttributePropertyMapping>
                  <AttributePropertyMapping name="rights" property="rights" getter="sailpoint.pam.scimBridge.service.mapping.ResourceObjectAttributeGetter" setter="sailpoint.pam.scimBridge.service.mapping.BasicPropertySetter"/>
                  <AttributePropertyMapping name="meta">
                      <AttributePropertyMapping name="resourceType" value="ContainerPermission"/>
                      <AttributePropertyMapping name="created" property="created" getter="sailpoint.pam.scimBridge.service.mapping.ResourceObjectAttributeGetter"/>
                      <AttributePropertyMapping name="lastModified" property="modified" getter="sailpoint.pam.scimBridge.service.mapping.ResourceObjectAttributeGetter"/>
                      <AttributePropertyMapping name="location" property="identity" value="ContainerPermissions" getter="sailpoint.service.scim.LocationGetter" />
                  </AttributePropertyMapping>
              </SchemaPropertyMapping>

              <SchemaPropertyMapping urn="urn:ietf:params:scim:schemas:pam:1.0:PrivilegedDataPermission">
                  <AttributePropertyMapping name="id" property="identity"/>
                  <AttributePropertyMapping name="privilegedData" getter="sailpoint.pam.scimBridge.service.mapping.ResourceObjectComplexAttributeGetter">
                      <Attributes>
                        <Map>
                          <entry key="attributes" value="privilegedData, privilegedDataName" />
                        </Map>
                      </Attributes>
                      <AttributePropertyMapping name="value" property="privilegedData" getter="sailpoint.pam.scimBridge.service.mapping.SubAttributeMapValueGetter" setter="sailpoint.pam.scimBridge.service.mapping.BasicPropertySetter" queryClass="sailpoint.service.scim.GenericFilterModifier"/>
                      <AttributePropertyMapping name="display" property="privilegedDataName" getter="sailpoint.pam.scimBridge.service.mapping.SubAttributeMapValueGetter"/>
                      <AttributePropertyMapping name="$ref" property="privilegedData" value="PrivilegedData" getter="sailpoint.pam.scimBridge.service.mapping.SubAttributeMapLocationGetter"/>
                  </AttributePropertyMapping>
                  <AttributePropertyMapping name="user" getter="sailpoint.pam.scimBridge.service.mapping.ResourceObjectComplexAttributeGetter">
                      <Attributes>
                        <Map>
                          <entry key="attributes" value="user, userDisplayName" />
                        </Map>
                      </Attributes>
                      <AttributePropertyMapping name="value" property="user" getter="sailpoint.pam.scimBridge.service.mapping.SubAttributeMapValueGetter" setter="sailpoint.pam.scimBridge.service.mapping.BasicPropertySetter" queryClass="sailpoint.service.scim.GenericFilterModifier"/>
                      <AttributePropertyMapping name="display" property="userDisplayName" getter="sailpoint.pam.scimBridge.service.mapping.SubAttributeMapValueGetter"/>
                      <AttributePropertyMapping name="$ref" property="user" value="Users" getter="sailpoint.pam.scimBridge.service.mapping.SubAttributeMapLocationGetter"/>
                  </AttributePropertyMapping>
                  <AttributePropertyMapping name="group" getter="sailpoint.pam.scimBridge.service.mapping.ResourceObjectComplexAttributeGetter">
                      <Attributes>
                        <Map>
                          <entry key="attributes" value="group, groupDisplayName" />
                        </Map>
                      </Attributes>
                      <AttributePropertyMapping name="value" property="group" getter="sailpoint.pam.scimBridge.service.mapping.SubAttributeMapValueGetter" setter="sailpoint.pam.scimBridge.service.mapping.BasicPropertySetter" queryClass="sailpoint.service.scim.GenericFilterModifier"/>
                      <AttributePropertyMapping name="display" property="groupDisplayName" getter="sailpoint.pam.scimBridge.service.mapping.SubAttributeMapValueGetter"/>
                      <AttributePropertyMapping name="$ref" property="group" value="Groups" getter="sailpoint.pam.scimBridge.service.mapping.SubAttributeMapLocationGetter"/>
                  </AttributePropertyMapping>
                  <AttributePropertyMapping name="rights" property="rights" getter="sailpoint.pam.scimBridge.service.mapping.ResourceObjectAttributeGetter" setter="sailpoint.pam.scimBridge.service.mapping.BasicPropertySetter"/>
                  <AttributePropertyMapping name="meta">
                      <AttributePropertyMapping name="resourceType" value="PrivilegedDataPermission"/>
                      <AttributePropertyMapping name="created" property="created" getter="sailpoint.pam.scimBridge.service.mapping.ResourceObjectAttributeGetter"/>
                      <AttributePropertyMapping name="lastModified" property="modified" getter="sailpoint.pam.scimBridge.service.mapping.ResourceObjectAttributeGetter"/>
                      <AttributePropertyMapping name="location" property="identity" value="PrivilegedDataPermissions" getter="sailpoint.service.scim.LocationGetter" />
                  </AttributePropertyMapping>
              </SchemaPropertyMapping>
            </List>
          </value>
        </entry>
      </Map>
    </Attributes>
  </Configuration>
</sailpoint>
