<?xml version="1.0" encoding="UTF-8" standalone="no"?>
<!DOCTYPE Plugin PUBLIC "sailpoint.dtd" "sailpoint.dtd">

<Plugin allowDisable="true" allowUninstall="true" certificationLevel="BASIC" displayName="Identity Dashboard"
        enabled="true" maxFrameworkVersion="1.0.0" minFrameworkVersion="0.4.8" minUpgradableVersion="0.1"
        pluginAccessRight="identityandaccountdashboardRight" uniqueName="identityandaccountdashboard" version="0.1"
        visible="true">
    <PluginConfiguration settingsPageTemplateURL="ui/htmlTemplates/pluginSettings.html">
        <FullPage desktopIncludePath="{plugin_root}/ui/dashboard.xhtml"
                  mobileIncludePath="{plugin_root}/ui/dashboard.xhtml"/>
        <Snippets>
            <Snippet isDesktop="true" isMobile="true" pagesMatchRegExPattern=".*"
                     rightRequired="identityandaccountdashboardRight">


                <ScriptIncludes>

                    <String>{plugin_root}/ui/js/headerInject.js</String>

                </ScriptIncludes>


            </Snippet>
            <Snippet isDesktop="true" isMobile="true" pagesMatchRegExPattern=".*identityandaccountdashboard"
                     rightRequired="identityandaccountdashboardRight">


                <ScriptIncludes>

                    <String>{plugin_root}/ui/js/headerInject.js</String>


                    <String>{plugin_root}/ui/js/crossfilter.js</String>

                    <String>{plugin_root}/ui/js/d3.js</String>

                    <String>{plugin_root}/ui/js/dc_2.0.js</String>

                    <String>{plugin_root}/ui/js/identityAndAccountDashboard.js</String>
                </ScriptIncludes>
                <StylesheetIncludes>
                    <String>{plugin_root}/ui/css/identityAndAccount.css</String>
                </StylesheetIncludes>


                <!--

                                              <String>{plugin_root}/ui/js/headerInject.js</String>
                                              <String>{plugin_root}/ui/js/crossfilter.js</String>
                                              <String>{plugin_root}/ui/js/d3.js</String>

                                              <String>{plugin_root}/ui/js/dc.js</String>
                                              <String>{plugin_root}/ui/js/jquery-3.1.0.min.js</String>
                                              <String>{plugin_root}/ui/js/identityAndAccountDashboard.js</String>
                                            </ScriptIncludes>
                                            <StylesheetIncludes>
                                              <String>{plugin_root}/ui/css/identityAndAccount.css</String>
                                            </StylesheetIncludes>
                -->
            </Snippet>

        </Snippets>
    </PluginConfiguration>
    <ConfigurableSettings>
        <Map/>
    </ConfigurableSettings>
</Plugin>
                                   