<?xml version="1.0" encoding="UTF-8" standalone="no"?>
<!DOCTYPE Plugin PUBLIC "sailpoint.dtd" "sailpoint.dtd">
<Plugin certificationLevel="None" displayName="Identity and Account Dashboard" minSystemVersion="7.1" name="identityandaccountdashboard" version="0.1.242">
    <Attributes>
        <Map>
            <entry key="minUpgradableVersion" value="1.0"/>

            <entry key="fullPage">
                <value>
                    <FullPage title="Identity and Account Dashboard"/>
                </value>
            </entry>

            <entry key="restResources">
                <value>
                    <List>
                        <String>sailpoint.plugin.identityandaccountdashboard.rest.IdentityAndAccountDashboardResource</String>
                    </List>
                </value>
            </entry>


            <entry key="settings">
                <value>
                    <List>
                    </List>
                </value>
            </entry>


        </Map>
    </Attributes>
</Plugin>
