<?xml version="1.0" encoding="UTF-8" standalone="no"?>
<!DOCTYPE sailpoint PUBLIC "sailpoint.dtd" "sailpoint.dtd">
<sailpoint>
  <SPRight displayName="iiqstatsRESTAllow" name="iiqstatsRESTAllow"/>
    <Capability displayName="iiqstatsWidget" name="iiqstatsWidget">
        <Description>Allow access to IIQStats Widget Plugin</Description>
        <RightRefs>
            <Reference class="sailpoint.object.SPRight" name="iiqstatsRESTAllow"/>
        </RightRefs>
    </Capability>
</sailpoint>
