<?xml version='1.0' encoding='UTF-8'?>
<!DOCTYPE sailpoint PUBLIC "sailpoint.dtd" "sailpoint.dtd">

<sailpoint>

  <ServiceDefinition name="TodoFlaggingService" executor="com.acme.todo.server.TodoFlaggingService" interval="60" hosts="global">
    <Description>
      Service definition to flag users that have more open todos than the number allowed as configured in the plugin settings.  
    </Description>
    <Attributes>
      <Map>
        <entry key="pluginName" value="TodoPlugin" />
      </Map>
    </Attributes>
  </ServiceDefinition>

</sailpoint>

