<?xml version="1.0" encoding="UTF-8" standalone="no"?>
<!DOCTYPE Plugin PUBLIC "sailpoint.dtd" "sailpoint.dtd">
<Plugin displayName="Identities Dashboard" minSystemVersion="7.1" name="identitiesDashboard" rightRequired="identitiesDashboardRight" version="0.1">
  <Attributes>
    <Map>
      <entry key="minUpgradableVersion" value="0.3"/>
      <entry key="fullPage">
        <value>
          <FullPage title="Identities Dashboard"/>
        </value>
      </entry>
    </Map>
  </Attributes>
</Plugin>
