<?xml version='1.0' encoding='UTF-8'?>
<!DOCTYPE Plugin PUBLIC "sailpoint.dtd" "sailpoint.dtd">
<Plugin certificationLevel="None" displayName="SCIM PAM Bridge" minSystemVersion="7.2" name="ScimPamBridgePlugin" version="1.1-0766632902-20171009-015914">
  <!-- Revision: 0766632902-20171009-015914 -->
  <Attributes>
    <Map>
      <entry key="minUpgradableVersion" value="1.0" />
      <entry key="restResources">
        <value>
          <List>
            <String>sailpoint.pam.scimBridge.rest.ResourceTypeListResource</String>
            <String>sailpoint.pam.scimBridge.rest.ServiceProviderConfigResource</String>
            <String>sailpoint.pam.scimBridge.rest.SchemaListResource</String>

            <String>sailpoint.pam.scimBridge.rest.UserListResource</String>
            <String>sailpoint.pam.scimBridge.rest.GroupListResource</String>
            <String>sailpoint.pam.scimBridge.rest.ContainerListResource</String>
            <String>sailpoint.pam.scimBridge.rest.PrivilegedDataListResource</String>
            <String>sailpoint.pam.scimBridge.rest.ContainerPermissionListResource</String>
            <String>sailpoint.pam.scimBridge.rest.PrivilegedDataPermissionListResource</String>

            <!-- Include these so we can read and write SCIM -->
            <String>sailpoint.pam.scimBridge.rest.jaxrs.PAMMessageBodyReader</String>
            <String>sailpoint.pam.scimBridge.rest.jaxrs.PAMMessageBodyWriter</String>
            <String>sailpoint.pam.scimBridge.rest.jaxrs.UnauthorizedAccessExceptionMapper</String>
            <String>sailpoint.rest.scim.jaxrs.SCIMExceptionMapper</String>
          </List>
        </value>
      </entry>
      <entry key="settings">
        <value>
          <List>
            <Setting dataType="string"
                     helpText="ScimPamBridgePlugin_setting_engine_plugin_name_text"
                     label="ScimPamBridgePlugin_setting_engine_plugin_name_label"
                     name="scimPamEnginePlugin" />
            <Setting dataType="string"
                     helpText="ScimPamBridgePlugin_setting_engine_class_name_text"
                     label="ScimPamBridgePlugin_setting_engine_class_name_label"
                     name="pamEngineClass"
                     value="sailpoint.pam.scimBridge.engine.JdbcPamEngine" />
            <Setting dataType="string"
                     helpText="ScimPamBridgePlugin_setting_application_name_text"
                     label="ScimPamBridgePlugin_setting_application_name_label"
                     name="jdbcApplicationName" />
          </List>
        </value>
      </entry>
    </Map>
  </Attributes>
</Plugin>
