<?xml version="1.0" encoding="UTF-8" standalone="no"?>
<!DOCTYPE sailpoint PUBLIC "sailpoint.dtd" "sailpoint.dtd">
<sailpoint>
  <SPRight displayName="siqstatsRESTAllow" name="siqstatsRESTAllow"/>
  
    <Capability displayName="SIQStatsWidget" name="SIQStatsWidget">
        <Description>Allow access to Most Entitlements Widget Plugin</Description>
        <RightRefs>
            <Reference class="sailpoint.object.SPRight" name="siqstatsRESTAllow"/>
        </RightRefs>
    </Capability>
</sailpoint>
